{"cameraMode":{"drawMode":0,"name":"Shaded","section":"Shading Mode"},"sceneLighting":false,"audioPlay":false,"sceneViewState":{"m_AlwaysRefresh":true,"showFog":true,"showSkybox":false,"showFlares":true,"showImageEffects":true,"showParticleSystems":true,"showVisualEffectGraphs":true,"m_FxEnabled":true},"in2DMode":false,"pivot":{"x":27.533145904541017,"y":1.55565345287323,"z":-2.864708423614502},"rotation":{"x":-0.052000030875205997,"y":0.2823934555053711,"z":-0.015601915307343007,"w":-0.9578589797019959},"size":1.5353248119354249,"orthographic":false}