{"cameraMode":{"drawMode":0,"name":"Shaded","section":"Shading Mode"},"sceneLighting":true,"audioPlay":false,"sceneViewState":{"m_AlwaysRefresh":true,"showFog":false,"showSkybox":true,"showFlares":false,"showImageEffects":false,"showParticleSystems":false,"showVisualEffectGraphs":true,"m_FxEnabled":true},"in2DMode":false,"pivot":{"x":0.039836883544921878,"y":1.7708388566970826,"z":-2.676774024963379},"rotation":{"x":-0.06348404288291931,"y":-0.7073918581008911,"z":0.06405854225158692,"w":-0.7010476589202881},"size":5.238827705383301,"orthographic":false}