{"cameraMode":{"drawMode":0,"name":"Shaded","section":"Shading Mode"},"sceneLighting":false,"audioPlay":false,"sceneViewState":{"m_AlwaysRefresh":true,"showFog":true,"showSkybox":true,"showFlares":true,"showImageEffects":true,"showParticleSystems":true,"showVisualEffectGraphs":true,"m_FxEnabled":true},"in2DMode":false,"pivot":{"x":25.445959091186525,"y":1.4192676544189454,"z":-1.268437147140503},"rotation":{"x":-0.0644620805978775,"y":-0.7409306764602661,"z":0.07136885076761246,"w":-0.6647908091545105},"size":0.24629709124565125,"orthographic":false}