{"cameraMode":{"drawMode":0,"name":"Shaded","section":"Shading Mode"},"sceneLighting":true,"audioPlay":false,"sceneViewState":{"m_AlwaysRefresh":true,"showFog":true,"showSkybox":true,"showFlares":true,"showImageEffects":true,"showParticleSystems":true,"showVisualEffectGraphs":true,"m_FxEnabled":true},"in2DMode":false,"pivot":{"x":0.14979152381420136,"y":0.2867746949195862,"z":3.1817877292633058},"rotation":{"x":-0.16274523735046388,"y":-0.0630042776465416,"z":0.010414034128189087,"w":-0.9845997095108032},"size":20.659330368041993,"orthographic":false}